iteration	action	word_count	delta	decision	description
0	baseline	0	0	keep	Empty output directory — baseline established
1	create	1947	+1947	keep	Created pracademic-overview.md — definition, origins, six forces, US/FL market outlook
2	create	3795	+1848	keep	Created career-opportunities.md — all 4 career tracks, compensation tables, consulting platforms
3	expand	4199	+404	keep	Expanded overview: 'How It Started' narrative, key figures (Mintzberg, Bennis), milestones timeline
4	expand	5064	+865	keep	Added cruise SPMS niche section, book opportunity, and full credential stack table to career-opportunities
5	expand	5580	+516	keep	Added portfolio career model: allocation table, three income scenarios, single-track vs. portfolio comparison
6	expand	6290	+710	keep	Added Keep Oracle strategy: LLC setup, conflict-of-interest boundaries, revenue streams, 3-year trajectory
7	expand	7009	+719	keep	Added publication pipeline, HBR pitch concepts, three content pillars, LinkedIn cadence
8	expand	7986	+977	keep	Added 90-day action plan: 3 phases with tasks, success metrics, top 5 priority table
9	expand	8834	+848	keep	Added competitive positioning, structural advantages/disadvantages, profile-specific market mapping to overview
